INSERT INTO users (passport_num, full_name, phone, email, password, address) VALUES
(4723918271, 'Иванов Иван Иванович', '79001234567', 'ivanov@example.com', '$2a$10$mte4KZiaYGJolQIzZAHUi.rZYq.2Xdy47Fbuph/5.QD/Ufw9brdhG', 'Москва, ул. Ленина, д. 1'),
(5839201823, 'Петров Петр Петрович', '79002345678', 'petrov@example.com', '$2a$10$mte4KZiaYGJolQIzZAHUi.rZYq.2Xdy47Fbuph/5.QD/Ufw9brdhG', 'Санкт-Петербург, пр. Невский, д. 5'),
(6928374655, 'Сидоров Сидор Сидорович', '79003456789', 'sidorov@example.com', '$2a$10$mte4KZiaYGJolQIzZAHUi.rZYq.2Xdy47Fbuph/5.QD/Ufw9brdhG', 'Москва, ул. Арбат, д. 10'),
(5817263940, 'Кузнецов Алексей Викторович', '79004567890', 'kuznetsov@example.com', '$2a$10$mte4KZiaYGJolQIzZAHUi.rZYq.2Xdy47Fbuph/5.QD/Ufw9brdhG', 'Новосибирск, ул. Кирова, д. 15'),
(4729183746, 'Морозова Анна Сергеевна', '79005678901', 'morozova@example.com', '$2a$10$mte4KZiaYGJolQIzZAHUi.rZYq.2Xdy47Fbuph/5.QD/Ufw9brdhG', 'Санкт-Петербург, пр. Лиговский, д. 20'),
(3748291047, 'Смирнова Ольга Ивановна', '79006789012', 'smirnova@example.com', '$2a$10$mte4KZiaYGJolQIzZAHUi.rZYq.2Xdy47Fbuph/5.QD/Ufw9brdhG', 'Челябинск, ул. Победы, д. 25'),
(6938472018, 'Васильев Николай Петрович', '79007890123', 'vasilyev@example.com', '$2a$10$mte4KZiaYGJolQIzZAHUi.rZYq.2Xdy47Fbuph/5.QD/Ufw9brdhG', 'Омск, ул. Ленина, д. 30'),
(9283746573, 'Зайцев Артем Владимирович', '79008901234', 'zaitsev@example.com', '$2a$10$mte4KZiaYGJolQIzZAHUi.rZYq.2Xdy47Fbuph/5.QD/Ufw9brdhG', 'Москва, ул. Тверская, д. 35'),
(4839201823, 'Федорова Наталья Михайловна', '79009012345', 'fedorova@example.com', '$2a$10$mte4KZiaYGJolQIzZAHUi.rZYq.2Xdy47Fbuph/5.QD/Ufw9brdhG', 'Воронеж, ул. Плеханова, д. 40'),
(5728193746, 'Андреев Дмитрий Евгеньевич', '79010123456', 'andreev@example.com', '$2a$10$mte4KZiaYGJolQIzZAHUi.rZYq.2Xdy47Fbuph/5.QD/Ufw9brdhG', 'Краснодар, ул. Красная, д. 45'),
(6928374654, 'Ковалев Сергей Олегович', '79011234567', 'kovalev@example.com', '$2a$10$mte4KZiaYGJolQIzZAHUi.rZYq.2Xdy47Fbuph/5.QD/Ufw9brdhG', 'Тюмень, ул. Республики, д. 50'),
(4857201947, 'Гаврилова Елена Александровна', '79012345678', 'gavrilova@example.com', '$2a$10$mte4KZiaYGJolQIzZAHUi.rZYq.2Xdy47Fbuph/5.QD/Ufw9brdhG', 'Ижевск, ул. Ленина, д. 55'),
(3748291048, 'Максимов Виктор Иванович', '79013456789', 'maximov@example.com', '$2a$10$mte4KZiaYGJolQIzZAHUi.rZYq.2Xdy47Fbuph/5.QD/Ufw9brdhG', 'Ростов-на-Дону, пр. Шолохова, д. 60'),
(5738291049, 'Семенова Татьяна Владимировна', '79014567890', 'semenova@example.com', '$2a$10$mte4KZiaYGJolQIzZAHUi.rZYq.2Xdy47Fbuph/5.QD/Ufw9brdhG', 'Новосибирск, ул. Красный проспект, д. 65'),
(6938472020, 'Егоров Михаил Павлович', '79015678901', 'egorov@example.com', '$2a$10$mte4KZiaYGJolQIzZAHUi.rZYq.2Xdy47Fbuph/5.QD/Ufw9brdhG', 'Челябинск, ул. Победы, д. 70'),
(9183746574, 'Орлова Екатерина Сергеевна', '79016789012', 'orlova@example.com', '$2a$10$mte4KZiaYGJolQIzZAHUi.rZYq.2Xdy47Fbuph/5.QD/Ufw9brdhG', 'Барнаул, ул. Советская, д. 75'),
(5728193747, 'Денисов Артур Владимирович', '79017890123', 'denisov@example.com', '$2a$10$mte4KZiaYGJolQIzZAHUi.rZYq.2Xdy47Fbuph/5.QD/Ufw9brdhG', 'Краснодар, ул. Ставропольская, д. 80'),
(4839201824, 'Мартынова Юлия Дмитриевна', '79018901234', 'martynova@example.com', '$2a$10$mte4KZiaYGJolQIzZAHUi.rZYq.2Xdy47Fbuph/5.QD/Ufw9brdhG', 'Москва, ул. Вернадского, д. 85'),
(9283746575, 'Фролов Андрей Сергеевич', '79019012345', 'frolov@example.com', '$2a$10$mte4KZiaYGJolQIzZAHUi.rZYq.2Xdy47Fbuph/5.QD/Ufw9brdhG', 'Владивосток, ул. Светланская, д. 90'),
(6938472021, 'Лебедева Оксана Викторовна', '79020123456', 'lebedeva@example.com', '$2a$10$mte4KZiaYGJolQIzZAHUi.rZYq.2Xdy47Fbuph/5.QD/Ufw9brdhG', 'Санкт-Петербург, ул. Гороховая, д. 95'),
(1234123456, 'Архипкин Вячеслав Михайлович', '79106114058', 'sl', '$2a$10$mte4KZiaYGJolQIzZAHUi.rZYq.2Xdy47Fbuph/5.QD/Ufw9brdhG', 'Рязань, ул. Гагарина, д. 95')



INSERT INTO category (category_id, name, description) VALUES 
(1, 'Электроника', 'Все виды электронных устройств: телефоны, ноутбуки, телевизоры и т.д.'), 
(2, 'Мебель', 'Мебель для дома и офиса: столы, стулья, диваны, кровати и т.д.'), 
(3, 'Спортивные товары', 'Товары для активного отдыха: тренажеры, велосипеды, спортивная одежда и т.д.'), 
(4, 'Одежда', 'Разнообразие одежды для мужчин, женщин и детей: платья, костюмы, обувь и т.д.'), 
(5, 'Книги', 'Литература на любой вкус: художественная, научная, учебная и т.д.'), 
(6, 'Автоаксессуары', 'Аксессуары для автомобилей: коврики, чехлы, системы навигации и т.д.'), 
(7, 'Товары для детей', 'Игрушки для детей разных возрастов: развивающие, мягкие игрушки, конструкторы и т.д.'), 
(8, 'Красота и здоровье', 'Косметика, парфюмерия, медицинские товары и т.д.'), 
(9, 'Музыкальные инструменты', 'Инструменты для музыкантов: гитары, барабаны, клавишные и т.д.'), 
(10, 'Игры и развлечения', 'Настольные игры, видеоигры, игровые консоли и т.д.'), 
(11, 'Инструменты', 'Ремонтные и строительные инструменты: дрели, отвертки, шуруповерт и т.д.'), 
(12, 'Кулинария', 'Все для готовки и кулинарии: кастрюли, сковороды, ножи и т.д.'), 
(13, 'Аксессуары для гаджетов', 'Чехлы, зарядные устройства, наушники и другие аксессуары.'), 
(14, 'Фото и видеотехника', 'Камеры, объективы, штативы, осветительное оборудование и т.д.'), 
(15, 'Коллекционирование', 'Предметы для коллекционеров: монеты, антиквариат, модели и т.д.');


-- Заполнение color
INSERT INTO color (name) VALUES
('Черный'),
('Серый'),
('Синий'),
('Белый'),
('Розовый'),
('Коричневый'),
('Многоцветный'),
('Зеленый');

-- Заполнение material
INSERT INTO material (name) VALUES
('Алюминий'),
('Ткань'),
('Кожа'),
('Резина'),
('Пластик'),
('Дерево'),
('Металл'),
('Керамика'),
('Силикон'),
('Картон'),
('Полиэстер'),
('Нейлон');

-- Заполнение maker
INSERT INTO maker (name, country, year_of_foundation) VALUES
('Samsung', 'Южная Корея', 1938),
('Ikea', 'Швеция', 1943),
('Merida', 'Тайвань', 1972),
('Московский издательский дом', 'Россия', 1991),
('Herman Miller', 'США', 1905),
('Maxmat', 'Китай', 2000),
('Fisher Price', 'США', 1930),
('Yamaha', 'Япония', 1887),
('Columbia', 'США', 1938),
('Tefal', 'Франция', 1956),
('Bell', 'США', 1954),
('Coleman', 'США', 1900),
('Osprey', 'США', 1974),
('LG', 'Южная Корея', 1958),
('Apple', 'США', 1976),
('Magformers', 'Южная Корея', 2005),
('Bosch', 'Германия', 1886),
('Xiaomi', 'Китай', 2010);

-- Заполнение model (связываем с maker)
INSERT INTO model (name, maker) VALUES
('Galaxy S21', 1),  -- Samsung
('FÄRLÖV', 2),      -- Ikea
('Big Nine 300', 3), -- Merida
('Война и мир', 4),  -- Московский издательский дом
('Aeron', 5),        -- Herman Miller
('Universal', 6),    -- Maxmat
('Тетрис', 7),       -- Fisher Price
('F310', 8),         -- Yamaha
('Hiker 2', 9),      -- Columbia
('Expert', 10),      -- Tefal
('Super 3R', 11),    -- Bell
('Evanston 4', 12),  -- Coleman
('Daylite', 13),     -- Osprey
('OLED55CX6LA', 14), -- LG
('Watch Series 6', 15), -- Apple
('Original Set', 16), -- Magformers
('PSR 18', 17),      -- Bosch
('Mi Band 6', 18);   -- Xiaomi

INSERT INTO item (
    item_id, owner, name, category, description, address, 
    is_available, weight, color, material, maker, model, release_year
) VALUES
('ITM001', 4723918271, 'Смартфон', 1, 'Современный смартфон с отличной камерой и мощным процессором.', 'Москва, ул. Ленина, д. 1', TRUE, 0.2, 1, 1, 1, 1, 2021), -- Черный, Алюминий, Samsung, Galaxy S21
('ITM002', 5839201823, 'Диван', 2, 'Комфортабельный диван для гостиной с мягкими подушками.', 'Санкт-Петербург, пр. Невский, д. 5', TRUE, 35.0, 2, 2, 2, 2, 2020), -- Серый, Ткань, Ikea, FÄRLÖV
('ITM003', 6928374655, 'Велосипед', 3, 'Горный велосипед для активных людей, подходит для любых дорог.', 'Москва, ул. Арбат, д. 10', TRUE, 12.5, 3, 1, 3, 3, 2022), -- Синий, Алюминий, Merida, Big Nine 300
('ITM004', 5817263940, 'Книга "Война и мир"', 5, 'Классическое произведение Льва Толстого.', 'Новосибирск, ул. Кирова, д. 15', TRUE, 1.0, 4, 10, 4, 4, 1869), -- Белый, Картон, Московский издательский дом, Война и мир
('ITM005', 4729183746, 'Кресло', 2, 'Эргономичное кресло для офиса с регулировкой высоты.', 'Санкт-Петербург, пр. Лиговский, д. 20', TRUE, 10.0, 1, 3, 5, 5, 2019), -- Черный, Кожа, Herman Miller, Aeron
('ITM006', 3748291047, 'Коврик для авто', 6, 'Автомобильный коврик, универсальный размер, подходит для всех марок.', 'Челябинск, ул. Победы, д. 25', TRUE, 1.5, 1, 4, 6, 6, 2021), -- Черный, Резина, Maxmat, Universal
('ITM007', 6938472018, 'Игрушка для ребенка', 7, 'Развивающая игрушка для детей младшего возраста.', 'Омск, ул. Ленина, д. 30', TRUE, 0.3, 5, 5, 7, 7, 2020), -- Розовый, Пластик, Fisher Price, Тетрис
('ITM008', 9283746573, 'Гитара', 9, 'Классическая акустическая гитара с деревянным корпусом.', 'Москва, ул. Тверская, д. 35', TRUE, 2.5, 6, 6, 8, 8, 2021), -- Коричневый, Дерево, Yamaha, F310
('ITM009', 4839201823, 'Палатка', 10, 'Легкая туристическая палатка для двух человек.', 'Воронеж, ул. Плеханова, д. 40', TRUE, 3.0, 8, 12, 9, 9, 2022), -- Зеленый, Нейлон, Columbia, Hiker 2
('ITM010', 5728193746, 'Сковорода', 12, 'Качественная сковорода с антипригарным покрытием.', 'Краснодар, ул. Красная, д. 45', TRUE, 1.0, 1, 7, 10, 10, 2020), -- Черный, Металл, Tefal, Expert
('ITM011', 6928374654, 'Шлем для велосипедиста', 3, 'Шлем с вентиляцией для защиты головы при катании на велосипеде.', 'Тюмень, ул. Республики, д. 50', TRUE, 0.5, 4, 5, 11, 11, 2021), -- Белый, Пластик, Bell, Super 3R
('ITM012', 4857201947, 'Палатка для кемпинга', 10, 'Большая палатка для кемпинга на 4 человека с двумя входами.', 'Ижевск, ул. Ленина, д. 55', TRUE, 5.0, 3, 11, 12, 12, 2020), -- Синий, Полиэстер, Coleman, Evanston 4
('ITM013', 3748291048, 'Рюкзак', 10, 'Рюкзак для активного отдыха и путешествий.', 'Ростов-на-Дону, пр. Шолохова, д. 60', TRUE, 1.2, 1, 11, 13, 13, 2021), -- Черный, Полиэстер, Osprey, Daylite
('ITM014', 5738291049, 'Телевизор', 1, '4K телевизор с функцией Smart TV и высокой частотой обновления.', 'Новосибирск, ул. Красный проспект, д. 65', TRUE, 12.0, 1, 5, 14, 14, 2021), -- Черный, Пластик, LG, OLED55CX6LA
('ITM015', 6938472020, 'Часы', 1, 'Умные часы с функциями мониторинга здоровья и уведомлений.', 'Челябинск, ул. Победы, д. 70', TRUE, 0.3, 1, 8, 15, 15, 2020), -- Черный, Керамика, Apple, Watch Series 6
('ITM016', 9183746574, 'Конструктор', 7, 'Магнитный конструктор для детей и взрослых.', 'Барнаул, ул. Советская, д. 75', TRUE, 0.8, 7, 5, 16, 16, 2021), -- Многоцветный, Пластик, Magformers, Original Set
('ITM017', 5728193747, 'Шуруповерт', 11, 'Аккумуляторный шуруповерт с набором бит.', 'Краснодар, ул. Ставропольская, д. 80', TRUE, 2.0, 2, 7, 17, 17, 2021), -- Серый, Металл, Bosch, PSR 18
('ITM018', 4839201824, 'Смарт-браслет', 1, 'Фитнес-браслет с мониторингом активности и сна.', 'Москва, ул. Вернадского, д. 85', TRUE, 0.2, 1, 9, 18, 18, 2021); -- Черный, Силикон, Xiaomi, Mi Band 6

INSERT INTO request_status (status_id, name, description) VALUES
(1, 'Pending', 'Заявка ожидает обработки.'),
(2, 'Approved', 'Заявка одобрена. Ожидает передачи вещи.'),
(3, 'In Use', 'Вещь в пользовании.'),
(4, 'Awaiting Return', 'Ожидает возврат вещи.'),
(5, 'Completed', 'Заявка выполнена. Вещь у владельца.'),
(6, 'Canceled by Owner', 'Заявка отменена владельцем.'),
(7, 'Canceled by User', 'Заявка отменена пользователем.'),
(8, 'Auto Canceled', 'Заявка отменена автоматически.');

INSERT INTO request (holder, item, start_date, end_date, status) VALUES
(4723918271, 'ITM001', '2025-03-01', '2025-03-05', 1),
(5839201823, 'ITM002', '2025-03-02', '2025-03-07', 2),
(6928374655, 'ITM003', '2025-03-03', '2025-03-10', 3),
(5817263940, 'ITM004', '2025-03-04', '2025-03-06', 1),
(4729183746, 'ITM005', '2025-03-05', '2025-03-08', 4),
(3748291047, 'ITM006', '2025-03-06', '2025-03-09', 2),
(6938472018, 'ITM007', '2025-03-07', '2025-03-11', 1),
(9283746573, 'ITM008', '2025-03-08', '2025-03-15', 3),
-- (9, 4839201823, 'ITM009', '2025-03-09', '2025-03-12', 2),
(5728193746, 'ITM010', '2025-03-10', '2025-03-14', 5),
(6928374654, 'ITM011', '2025-03-11', '2025-03-14', 1),
-- (12, 4857201947, 'ITM012', '2025-03-12', '2025-03-16', 3),
-- (13, 3748291048, 'ITM013', '2025-03-13', '2025-03-18', 4),
(5738291049, 'ITM014', '2025-03-14', '2025-03-17', 2),
(6938472020, 'ITM015', '2025-03-15', '2025-03-18', 1),
(9183746574, 'ITM016', '2025-03-16', '2025-03-20', 5),
(5728193747, 'ITM017', '2025-03-17', '2025-03-20', 3),
(4839201824, 'ITM018', '2025-03-18', '2025-03-22', 2);


INSERT INTO review (reviewed, reviewer, comment, score, date) VALUES
(4723918271, 5839201823, 'Вещь была в хорошем состоянии, все вовремя.', 5, '2025-03-01'),
(5839201823, 6928374655, 'Приятно было работать, все вернул вовремя.', 4, '2025-03-02'),
(6928374655, 4723918271, 'Ответственный и честный арендатор, вещь вернулась в хорошем состоянии.', 5, '2025-03-03'),
(5817263940, 4729183746, 'Немного опоздал с возвратом, но в целом все нормально.', 3, '2025-03-04'),
(4729183746, 3748291047, 'Вещь вернулась в хорошем состоянии, все прошло отлично.', 5, '2025-03-05'),
(3748291047, 6938472018, 'Ответственный арендатор, все вернул в срок и в хорошем состоянии.', 5, '2025-03-06'),
(6938472018, 9283746573, 'Отличный арендатор, все в порядке!', 5, '2025-03-07'),
(9283746573, 4839201823, 'Вещь была в хорошем состоянии, все прошло как надо.', 4, '2025-03-08'),
(4839201823, 5728193746, 'Небольшие задержки с возвратом, но все было решено мирно.', 3, '2025-03-09'),
(5728193746, 6928374654, 'Все вернул вовремя, вещь в хорошем состоянии.', 5, '2025-03-10'),
(6928374654, 4857201947, 'Вещь немного повреждена, но сам процесс аренды был хорошим.', 3, '2025-03-11'),
(4857201947, 3748291048, 'Ответственный пользователь, все прошло гладко.', 5, '2025-03-12'),
(3748291048, 5738291049, 'Арендатор был аккуратен с вещью, все в порядке.', 5, '2025-03-13'),
(5738291049, 6938472020, 'Немного задержал возврат, но в целом все решилось хорошо.', 4, '2025-03-14'),
(6938472020, 9183746574, 'Ответственный арендатор, все прошло гладко.', 5, '2025-03-15'),
(9183746574, 5728193747, 'Все прошло отлично, рекомендую!', 5, '2025-03-16'),
(5728193747, 4839201824, 'Не так быстро вернул вещь, но в целом все нормально.', 3, '2025-03-17'),
(4839201824, 4723918271, 'Все прошло по плану, вещи вернулись вовремя и в хорошем состоянии.', 5, '2025-03-18'),
(4723918271, 5839201823, 'Ответственный и добросовестный пользователь.', 5, '2025-03-19'),
(5839201823, 6928374655, 'Очень ответственный арендатор, все прошло отлично.', 5, '2025-03-20');


INSERT INTO blacklist (blocked_user, blocked_by_user, date) VALUES
(4723918271, 5839201823, '2025-03-01'),
(5839201823, 6928374655, '2025-03-02'),
(6928374655, 4723918271, '2025-03-03'),
(5817263940, 4729183746, '2025-03-04'),
(4729183746, 3748291047, '2025-03-05'),
(3748291047, 6938472018, '2025-03-06'),
(6938472018, 9283746573, '2025-03-07'),
(9283746573, 4839201823, '2025-03-08'),
(4839201823, 5728193746, '2025-03-09'),
(5728193746, 6928374654, '2025-03-10'),
(6928374654, 4857201947, '2025-03-11'),
(4857201947, 3748291048, '2025-03-12'),
(3748291048, 5738291049, '2025-03-13'),
(5738291049, 6938472020, '2025-03-14'),
(6938472020, 9183746574, '2025-03-15'),
(9183746574, 5728193747, '2025-03-16'),
(5728193747, 4839201824, '2025-03-17'),
(4839201824, 4723918271, '2025-03-18');

INSERT INTO item_review (item, reviewer, comment, score, date) VALUES
('ITM001', 5839201823, 'Отличный смартфон! Очень нравится его камера и производительность.', 5, '2025-03-01'),
('ITM002', 6928374655, 'Очень удобный диван, идеально подошел в гостиную. Рекомендую!', 4, '2025-03-02'),
('ITM003', 4723918271, 'Велосипед очень крутой, легко управляется и подходит для различных типов местности.', 5, '2025-03-03'),
('ITM004', 5839201823, 'Замечательная книга, классика! Прочитав, хочется еще раз заново пережить события.', 5, '2025-03-04'),
('ITM005', 3748291047, 'Очень удобное кресло, сидеть в нем – одно удовольствие. Отлично подойдет для офиса.', 4, '2025-03-05'),
('ITM006', 6938472018, 'Коврик для авто качественный, хорошо сидит на полу машины и легко чистится.', 4, '2025-03-06'),
('ITM007', 9283746573, 'Игрушка развивает внимание и моторику, ребенок доволен.', 5, '2025-03-07'),
('ITM008', 4839201823, 'Очень хорошая гитара, звучание просто шикарное. Идеально для начинающих музыкантов.', 5, '2025-03-08'),
-- (9, 'ITM009', 5728193746, 'Палатка легкая, хорошо устанавливается и отлично защищает от дождя.', 4, '2025-03-09'),
('ITM010', 6928374654, 'Сковорода отлично готовит, пища не пригорает. Очень рекомендую для домашнего использования.', 5, '2025-03-10'),
('ITM011', 4857201947, 'Шлем отличный, комфортный и защищает голову на 100%.', 5, '2025-03-11'),
-- (12, 'ITM012', 3748291048, 'Палатка просторная, идеально подходит для семейных походов. Очень довольны.', 5, '2025-03-12'),
-- (13, 'ITM013', 5738291049, 'Рюкзак хорош, удобно носить, хватает места для всех вещей.', 4, '2025-03-13'),
('ITM014', 6938472020, 'Телевизор отличного качества, 4K разрешение, картинки очень четкие.', 5, '2025-03-14'),
('ITM015', 9183746574, 'Часы стильные и удобные, идеально подходят для спорта. Отлично держат заряд.', 5, '2025-03-15'),
('ITM016', 5728193747, 'Конструктор классный, ребенку очень понравился. Много вариантов сборки.', 4, '2025-03-16'),
('ITM017', 4839201824, 'Шуруповерт мощный, хватает для всех нужд по дому. Рекомендую всем.', 5, '2025-03-17'),
('ITM018', 4723918271, 'Смарт-браслет хороший, отслеживает активность и легко синхронизируется с телефоном.', 4, '2025-03-18');


-- INSERT INTO item_attributes (item, attribute, value) VALUES
-- ('ITM001', 'Операционная система', 'Android 11'),
-- ('ITM001', 'Память', '128 ГБ'),
-- ('ITM001', 'Камера', '108 МП'),
-- ('ITM002', 'Тип дивана', 'Прямой'),
-- ('ITM002', 'Материал каркаса', 'Дерево'),
-- ('ITM003', 'Тип велосипеда', 'Горный'),
-- ('ITM003', 'Количество передач', '21'),
-- ('ITM004', 'Жанр книги', 'Роман'),
-- ('ITM004', 'Язык книги', 'Русский'),
-- ('ITM005', 'Тип кресла', 'Офисное'),
-- ('ITM005', 'Особенности', 'С регулировкой высоты'),
-- ('ITM006', 'Тип коврика', 'Универсальный'),
-- ('ITM007', 'Тип игрушки', 'Развивающая'),
-- ('ITM007', 'Возрастная группа', '3+'),
-- ('ITM008', 'Тип гитары', 'Акустическая'),
-- ('ITM008', 'Количество струн', '6'),
-- ('ITM009', 'Тип палатки', 'Туристическая'),
-- ('ITM009', 'Количество мест', '2'),
-- ('ITM010', 'Тип сковороды', 'С антипригарным покрытием'),
-- ('ITM010', 'Диаметр сковороды', '28 см'),
-- ('ITM011', 'Тип шлема', 'Велосипедный'),
-- ('ITM011', 'Количество вентиляционных отверстий', '12'),
-- ('ITM012', 'Тип палатки', 'Кемпинговая'),
-- ('ITM012', 'Количество входов', '2'),
-- ('ITM013', 'Тип рюкзака', 'Туристический'),
-- ('ITM013', 'Вместимость', '25 литров'),
-- ('ITM014', 'Тип телевизора', '4K UHD'),
-- ('ITM014', 'Частота обновления экрана', '120 Гц'),
-- ('ITM015', 'Тип часов', 'Умные'),
-- ('ITM015', 'Функции', 'Мониторинг активности'),
-- ('ITM016', 'Тип конструктора', 'Магнитный'),
-- ('ITM016', 'Возрастная группа', '3+'),
-- ('ITM017', 'Тип шуруповерта', 'Аккумуляторный'),
-- ('ITM017', 'Напряжение', '18 В'),
-- ('ITM018', 'Тип браслета', 'Фитнес-браслет'),
-- ('ITM018', 'Функции', 'Мониторинг сна');

-- АТРИБУТЫ
-- Электроника
INSERT INTO attribute (name, type) VALUES 
('Состояние', 'ENUM'), 
('Гарантия', 'ENUM'), 
('Объём памяти', 'NUMBER'), 
('Диагональ экрана', 'NUMBER'), 
('Тип питания', 'ENUM');

-- Мебель
INSERT INTO attribute (name, type) VALUES 
('Форма', 'ENUM'), 
('Материал обивки', 'ENUM'), 
('Тип мебели', 'ENUM'), 
('Разборная конструкция', 'ENUM');

--ЗНАЧЕНИЯ ДЛЯ ENUM АТРИБУТОВ
-- Электроника
INSERT INTO attribute_enum_value (attribute_id, value) VALUES
(1, 'Новое'),
(1, 'Б/У'),
(2, 'Да'),
(2, 'Нет'),
(5, 'Аккумулятор'),
(5, 'Сеть'),
(5, 'Батарейки');

-- Мебель
INSERT INTO attribute_enum_value (attribute_id, value) VALUES
(6, 'Круглая'),
(6, 'Прямоугольная'),
(7, 'Ткань'),
(7, 'Кожа'),
(8, 'Стол'),
(8, 'Стул'),
(8, 'Диван'),
(9, 'Да'),
(9, 'Нет');

-- СВЯЗЬ КАТЕГОРИЙ И АТРИБУТОВ
-- Электроника
INSERT INTO category_attribute (category_id, attribute_id) VALUES
(1, 1), (1, 2), (1, 3), (1, 4), (1, 5);

-- Мебель
INSERT INTO category_attribute (category_id, attribute_id) VALUES
(2, 6), (2, 7), (2, 8), (2, 9);

-- -- Заполняем значения для товара с ID 'item1' s21
-- INSERT INTO item_attributes (item_id, attribute_id, value_text, value_number) VALUES
-- ('ITM001', 1, 'Новое', NULL), -- Состояние (ENUM)
-- ('ITM001', 2, 'Да', NULL), -- Гарантия (ENUM)
-- ('ITM001', 3, NULL, 128), -- Объём памяти (NUMBER)
-- ('ITM001', 4, NULL, 6.2), -- Диагональ экрана (NUMBER)
-- ('ITM001', 5, 'Аккумулятор', NULL); -- Тип питания (ENUM)

-- Заполняем значения для товара с ID 'item1' s21
INSERT INTO item_attributes (item_id, attribute_id, value) VALUES
('ITM001', 1, 'Новое'), -- Состояние (ENUM)
('ITM001', 2, 'Да'), -- Гарантия (ENUM)
('ITM001', 3, '128'), -- Объём памяти (NUMBER)
('ITM001', 4, '6.2'), -- Диагональ экрана (NUMBER)
('ITM001', 5, 'Аккумулятор'); -- Тип питания (ENUM)

-- -- Заполняем значения для мебели (item2 - диван)
-- INSERT INTO item_attributes (item_id, attribute_id, value_text, value_number) VALUES
-- ('ITM002', 6, 'Прямоугольная', NULL), -- Форма (ENUM)
-- ('ITM002', 7, 'Ткань', NULL), -- Материал обивки (ENUM)
-- ('ITM002', 8, 'Диван', NULL), -- Тип мебели (ENUM)
-- ('ITM002', 9, 'Нет', NULL); -- Разборная конструкция (ENUM)

-- Заполняем значения для мебели (item2 - диван)
INSERT INTO item_attributes (item_id, attribute_id, value) VALUES
('ITM002', 6, 'Прямоугольная'), -- Форма (ENUM)
('ITM002', 7, 'Ткань'), -- Материал обивки (ENUM)
('ITM002', 8, 'Диван'), -- Тип мебели (ENUM)
('ITM002', 9, 'Нет'); -- Разборная конструкция (ENUM)

INSERT INTO photo_links (url) VALUES
('items/ITM001.jpg'),
('items/ITM002.png'),
('items/ITM003.png'),
('items/ITM004.png'),
('items/ITM005.png'),
('items/ITM006.png'),
('items/ITM007.png'),
('items/ITM008.png'),
-- ('items/ITM009.png'),
('items/ITM010.png'),
('items/ITM011.png'),
-- ('items/ITM012.png'),
-- ('items/ITM013.png'),
('items/ITM014.png'),
('items/ITM015.png'),
('items/ITM016.png'),
('items/ITM017.png'),
('items/ITM001_2.jpeg'),
('items/ITM018.png');

INSERT INTO item_photo_links (item_id, photo_id) VALUES
('ITM001', 1),
('ITM001', 15),
('ITM002', 2),
('ITM003', 3),
('ITM004', 4),
('ITM005', 5),
('ITM006', 6),
('ITM007', 7),
('ITM008', 8),
-- ('ITM009', 9),
('ITM010', 9),
('ITM011', 10),
-- ('ITM012', 12),
-- ('ITM013', 13),
('ITM014', 11),
('ITM015', 12),
('ITM016', 13),
('ITM017', 14),
('ITM018', 16);

INSERT INTO item_review_photo_links (item_review_id, photo_id) VALUES
(1, 1),
(2, 2),
(3, 3),
(4, 4),
(5, 5),
(6, 6),
(7, 7),
(8, 8),
-- (9, 9),
(9, 9),
(10, 10),
-- (12, 12),
-- (13, 13),
(11, 11),
(12, 12),
(13, 13),
(14, 14),
(15, 15);
