INSERT INTO users (passport_num, full_name, phone, email, password, address) VALUES
(4723918271, 'Иванов Иван Иванович', '79001234567', 'ivanov@example.com', '$2a$10$mte4KZiaYGJolQIzZAHUi.rZYq.2Xdy47Fbuph/5.QD/Ufw9brdhG', 'Москва, ул. Ленина, д. 1'),
(5839201823, 'Петров Петр Петрович', '79002345678', 'petrov@example.com', '$2a$10$mte4KZiaYGJolQIzZAHUi.rZYq.2Xdy47Fbuph/5.QD/Ufw9brdhG', 'Санкт-Петербург, пр. Невский, д. 5'),
(6928374655, 'Сидоров Сидор Сидорович', '79003456789', 'sidorov@example.com', '$2a$10$mte4KZiaYGJolQIzZAHUi.rZYq.2Xdy47Fbuph/5.QD/Ufw9brdhG', 'Москва, ул. Арбат, д. 10'),
(5817263940, 'Кузнецов Алексей Викторович', '79004567890', 'kuznetsov@example.com', '$2a$10$mte4KZiaYGJolQIzZAHUi.rZYq.2Xdy47Fbuph/5.QD/Ufw9brdhG', 'Новосибирск, ул. Кирова, д. 15'),
(4729183746, 'Морозова Анна Сергеевна', '79005678901', 'morozova@example.com', '$2a$10$mte4KZiaYGJolQIzZAHUi.rZYq.2Xdy47Fbuph/5.QD/Ufw9brdhG', 'Санкт-Петербург, пр. Лиговский, д. 20'),
(3748291047, 'Смирнова Ольга Ивановна', '79006789012', 'smirnova@example.com', '$2a$10$mte4KZiaYGJolQIzZAHUi.rZYq.2Xdy47Fbuph/5.QD/Ufw9brdhG', 'Челябинск, ул. Победы, д. 25'),
(6938472018, 'Васильев Николай Петрович', '79007890123', 'vasilyev@example.com', '$2a$10$mte4KZiaYGJolQIzZAHUi.rZYq.2Xdy47Fbuph/5.QD/Ufw9brdhG', 'Омск, ул. Ленина, д. 30'),
(9283746573, 'Зайцев Артем Владимирович', '79008901234', 'zaitsev@example.com', '$2a$10$mte4KZiaYGJolQIzZAHUi.rZYq.2Xdy47Fbuph/5.QD/Ufw9brdhG', 'Москва, ул. Тверская, д. 35'),
(4839201823, 'Федорова Наталья Михайловна', '79009012345', 'fedorova@example.com', '$2a$10$mte4KZiaYGJolQIzZAHUi.rZYq.2Xdy47Fbuph/5.QD/Ufw9brdhG', 'Воронеж, ул. Плеханова, д. 40'),
(5728193746, 'Андреев Дмитрий Евгеньевич', '79010123456', 'andreev@example.com', '$2a$10$mte4KZiaYGJolQIzZAHUi.rZYq.2Xdy47Fbuph/5.QD/Ufw9brdhG', 'Краснодар, ул. Красная, д. 45'),
(6928374654, 'Ковалев Сергей Олегович', '79011234567', 'kovalev@example.com', '$2a$10$mte4KZiaYGJolQIzZAHUi.rZYq.2Xdy47Fbuph/5.QD/Ufw9brdhG', 'Тюмень, ул. Республики, д. 50'),
(4857201947, 'Гаврилова Елена Александровна', '79012345678', 'gavrilova@example.com', '$2a$10$mte4KZiaYGJolQIzZAHUi.rZYq.2Xdy47Fbuph/5.QD/Ufw9brdhG', 'Ижевск, ул. Ленина, д. 55'),
(3748291048, 'Максимов Виктор Иванович', '79013456789', 'maximov@example.com', '$2a$10$mte4KZiaYGJolQIzZAHUi.rZYq.2Xdy47Fbuph/5.QD/Ufw9brdhG', 'Ростов-на-Дону, пр. Шолохова, д. 60'),
(5738291049, 'Семенова Татьяна Владимировна', '79014567890', 'semenova@example.com', '$2a$10$mte4KZiaYGJolQIzZAHUi.rZYq.2Xdy47Fbuph/5.QD/Ufw9brdhG', 'Новосибирск, ул. Красный проспект, д. 65'),
(6938472020, 'Егоров Михаил Павлович', '79015678901', 'egorov@example.com', '$2a$10$mte4KZiaYGJolQIzZAHUi.rZYq.2Xdy47Fbuph/5.QD/Ufw9brdhG', 'Челябинск, ул. Победы, д. 70'),
(9183746574, 'Орлова Екатерина Сергеевна', '79016789012', 'orlova@example.com', '$2a$10$mte4KZiaYGJolQIzZAHUi.rZYq.2Xdy47Fbuph/5.QD/Ufw9brdhG', 'Барнаул, ул. Советская, д. 75'),
(5728193747, 'Денисов Артур Владимирович', '79017890123', 'denisov@example.com', '$2a$10$mte4KZiaYGJolQIzZAHUi.rZYq.2Xdy47Fbuph/5.QD/Ufw9brdhG', 'Краснодар, ул. Ставропольская, д. 80'),
(4839201824, 'Мартынова Юлия Дмитриевна', '79018901234', 'martynova@example.com', '$2a$10$mte4KZiaYGJolQIzZAHUi.rZYq.2Xdy47Fbuph/5.QD/Ufw9brdhG', 'Москва, ул. Вернадского, д. 85'),
(9283746575, 'Фролов Андрей Сергеевич', '79019012345', 'frolov@example.com', '$2a$10$mte4KZiaYGJolQIzZAHUi.rZYq.2Xdy47Fbuph/5.QD/Ufw9brdhG', 'Владивосток, ул. Светланская, д. 90'),
(6938472021, 'Лебедева Оксана Викторовна', '79020123456', 'lebedeva@example.com', '$2a$10$mte4KZiaYGJolQIzZAHUi.rZYq.2Xdy47Fbuph/5.QD/Ufw9brdhG', 'Санкт-Петербург, ул. Гороховая, д. 95');


INSERT INTO category (category_id, name, description) VALUES
(
    1,
    'Электроника',
    'Все виды электронных устройств: телефоны, ноутбуки, телевизоры и т.д.'
),
(
    2,
    'Мебель',
    'Мебель для дома и офиса: столы, стулья, диваны, кровати и т.д.'
),
(
    3,
    'Спортивные товары',
    'Товары для активного отдыха: тренажеры, велосипеды, спортивная одежда и т.д.'
),
(
    4,
    'Одежда',
    'Разнообразие одежды для мужчин, женщин и детей: платья, костюмы, обувь и т.д.'
),
(
    5,
    'Книги',
    'Литература на любой вкус: художественная, научная, учебная и т.д.'
),
(
    6,
    'Товары для дома',
    'Предметы для уюта и удобства: посуда, бытовая техника, аксессуары и т.д.'
),
(
    7,
    'Автоаксессуары',
    'Аксессуары для автомобилей: коврики, чехлы, системы навигации и т.д.'
),
(
    8,
    'Игрушки',
    'Игрушки для детей разных возрастов: развивающие, мягкие игрушки, конструкторы и т.д.'
),
(
    9,
    'Красота и здоровье',
    'Косметика, парфюмерия, медицинские товары и т.д.'
),
(
    10,
    'Туризм',
    'Товары для активного отдыха на природе: палатки, рюкзаки, спальники и т.д.'
),
(
    11,
    'Музыкальные инструменты',
    'Инструменты для музыкантов: гитары, барабаны, клавишные и т.д.'
),
(
    12,
    'Игры и развлечения',
    'Настольные игры, видеоигры, игровые консоли и т.д.'
),
(
    13,
    'Инструменты',
    'Ремонтные и строительные инструменты: дрели, отвертки, шуруповерт и т.д.'
),
(
    14,
    'Кулинария',
    'Все для готовки и кулинарии: кастрюли, сковороды, ножи и т.д.'
),
(15, 'Декор', 'Предметы интерьера: картины, вазы, свечи и т.д.'),
(
    16,
    'Оборудование для бизнеса',
    'Оборудование для магазинов, офисов, кафе и т.д.'
),
(
    17,
    'Аксессуары для гаджетов',
    'Чехлы, зарядные устройства, наушники и другие аксессуары.'
),
(
    18,
    'Фото и видеотехника',
    'Камеры, объективы, штативы, осветительное оборудование и т.д.'
),
(
    19,
    'Животные и растения',
    'Товары для домашних животных, растения и уход за ними.'
),
(
    20,
    'Коллекционирование',
    'Предметы для коллекционеров: монеты, антиквариат, модели и т.д.'
);

INSERT INTO item (
    item_id,
    owner,
    name,
    category,
    description,
    address,
    is_available,
    sizes,
    weight,
    color,
    material,
    maker,
    model,
    release_year
) VALUES
(
    'ITM001',
    4723918271,
    'Смартфон',
    1,
    'Современный смартфон с отличной камерой и мощным процессором.',
    'Москва, ул. Ленина, д. 1',
    TRUE,
    '5.5 дюймов',
    0.2,
    'Черный',
    'Алюминий',
    'Samsung',
    'Galaxy S21',
    2021
),
(
    'ITM002',
    5839201823,
    'Диван',
    2,
    'Комфортабельный диван для гостиной с мягкими подушками.',
    'Санкт-Петербург, пр. Невский, д. 5',
    TRUE,
    '2x1 м',
    35.0,
    'Серый',
    'Ткань',
    'Ikea',
    'FÄRLÖV',
    2020
),
(
    'ITM003',
    6928374655,
    'Велосипед',
    3,
    'Горный велосипед для активных людей, подходит для любых дорог.',
    'Москва, ул. Арбат, д. 10',
    TRUE,
    '26 дюймов',
    12.5,
    'Синий',
    'Алюминий',
    'Merida',
    'Big Nine 300',
    2022
),
(
    'ITM004',
    5817263940,
    'Книга "Война и мир"',
    5,
    'Классическое произведение Льва Толстого.',
    'Новосибирск, ул. Кирова, д. 15',
    TRUE,
    'Твердый переплет',
    1.0,
    'Белый',
    'Картон',
    'Московский издательский дом',
    'Война и мир',
    1869
),
(
    'ITM005',
    4729183746,
    'Кресло',
    2,
    'Эргономичное кресло для офиса с регулировкой высоты.',
    'Санкт-Петербург, пр. Лиговский, д. 20',
    TRUE,
    '60x60 см',
    10.0,
    'Черное',
    'Кожа',
    'Herman Miller',
    'Aeron',
    2019
),
(
    'ITM006',
    3748291047,
    'Коврик для авто',
    7,
    'Автомобильный коврик, универсальный размер, подходит для всех марок.',
    'Челябинск, ул. Победы, д. 25',
    TRUE,
    'Размер универсальный',
    1.5,
    'Черный',
    'Резина',
    'Maxmat',
    'Universal',
    2021
),
(
    'ITM007',
    6938472018,
    'Игрушка для ребенка',
    8,
    'Развивающая игрушка для детей младшего возраста.',
    'Омск, ул. Ленина, д. 30',
    TRUE,
    '10x10 см',
    0.3,
    'Розовый',
    'Пластик',
    'Fisher Price',
    'Тетрис',
    2020
),
(
    'ITM008',
    9283746573,
    'Гитара',
    11,
    'Классическая акустическая гитара с деревянным корпусом.',
    'Москва, ул. Тверская, д. 35',
    TRUE,
    '4/4',
    2.5,
    'Коричневый',
    'Дерево',
    'Yamaha',
    'F310',
    2021
),
(
    'ITM009',
    4839201823,
    'Палатка',
    10,
    'Легкая туристическая палатка для двух человек.',
    'Воронеж, ул. Плеханова, д. 40',
    TRUE,
    '2x2 м',
    3.0,
    'Зеленая',
    'Нейлон',
    'Columbia',
    'Hiker 2',
    2022
),
(
    'ITM010',
    5728193746,
    'Сковорода',
    14,
    'Качественная сковорода с антипригарным покрытием.',
    'Краснодар, ул. Красная, д. 45',
    TRUE,
    '28 см',
    1.0,
    'Черная',
    'Металл',
    'Tefal',
    'Expert',
    2020
),
(
    'ITM011',
    6928374654,
    'Шлем для велосипедиста',
    3,
    'Шлем с вентиляцией для защиты головы при катании на велосипеде.',
    'Тюмень, ул. Республики, д. 50',
    TRUE,
    'Один размер',
    0.5,
    'Белый',
    'Пластик',
    'Bell',
    'Super 3R',
    2021
),
(
    'ITM012',
    4857201947,
    'Палатка для кемпинга',
    10,
    'Большая палатка для кемпинга на 4 человека с двумя входами.',
    'Ижевск, ул. Ленина, д. 55',
    TRUE,
    '4x4 м',
    5.0,
    'Синий',
    'Полиэстер',
    'Coleman',
    'Evanston 4',
    2020
),
(
    'ITM013',
    3748291048,
    'Рюкзак',
    10,
    'Рюкзак для активного отдыха и путешествий.',
    'Ростов-на-Дону, пр. Шолохова, д. 60',
    TRUE,
    '25 литров',
    1.2,
    'Черный',
    'Полиэстер',
    'Osprey',
    'Daylite',
    2021
),
(
    'ITM014',
    5738291049,
    'Телевизор',
    1,
    '4K телевизор с функцией Smart TV и высокой частотой обновления.',
    'Новосибирск, ул. Красный проспект, д. 65',
    TRUE,
    '55 дюймов',
    12.0,
    'Черный',
    'Пластик',
    'LG',
    'OLED55CX6LA',
    2021
),
(
    'ITM015',
    6938472020,
    'Часы',
    9,
    'Умные часы с функциями мониторинга здоровья и уведомлений.',
    'Челябинск, ул. Победы, д. 70',
    TRUE,
    'Один размер',
    0.3,
    'Черный',
    'Керамика',
    'Apple',
    'Watch Series 6',
    2020
),
(
    'ITM016',
    9183746574,
    'Конструктор',
    8,
    'Магнитный конструктор для детей и взрослых.',
    'Барнаул, ул. Советская, д. 75',
    TRUE,
    'Размер: маленький',
    0.8,
    'Многоцветный',
    'Пластик',
    'Magformers',
    'Original Set',
    2021
),
(
    'ITM017',
    5728193747,
    'Шуруповерт',
    13,
    'Аккумуляторный шуруповерт с набором бит.',
    'Краснодар, ул. Ставропольская, д. 80',
    TRUE,
    'Малый размер',
    2.0,
    'Серый',
    'Металл',
    'Bosch',
    'PSR 18',
    2021
),
(
    'ITM018',
    4839201824,
    'Смарт-браслет',
    9,
    'Фитнес-браслет с мониторингом активности и сна.',
    'Москва, ул. Вернадского, д. 85',
    TRUE,
    'Один размер',
    0.2,
    'Черный',
    'Силикон',
    'Xiaomi',
    'Mi Band 6',
    2021
);

INSERT INTO request_status (status_id, name, description) VALUES
(1, 'Pending', 'Заявка ожидает обработки.'),
(2, 'Approved', 'Заявка одобрена и ожидает выполнения.'),
(3, 'Completed', 'Заявка выполнена.'),
(4, 'Canceled', 'Заявка отменена пользователем или администратором.'),
(5, 'Rejected', 'Заявка отклонена администратором.');

INSERT INTO request (request_id, holder, item, start_date, end_date, status) VALUES
(1, 4723918271, 'ITM001', '2025-03-01', '2025-03-05', 1),
(2, 5839201823, 'ITM002', '2025-03-02', '2025-03-07', 2),
(3, 6928374655, 'ITM003', '2025-03-03', '2025-03-10', 3),
(4, 5817263940, 'ITM004', '2025-03-04', '2025-03-06', 1),
(5, 4729183746, 'ITM005', '2025-03-05', '2025-03-08', 4),
(6, 3748291047, 'ITM006', '2025-03-06', '2025-03-09', 2),
(7, 6938472018, 'ITM007', '2025-03-07', '2025-03-11', 1),
(8, 9283746573, 'ITM008', '2025-03-08', '2025-03-15', 3),
(9, 4839201823, 'ITM009', '2025-03-09', '2025-03-12', 2),
(10, 5728193746, 'ITM010', '2025-03-10', '2025-03-14', 5),
(11, 6928374654, 'ITM011', '2025-03-11', '2025-03-14', 1),
(12, 4857201947, 'ITM012', '2025-03-12', '2025-03-16', 3),
(13, 3748291048, 'ITM013', '2025-03-13', '2025-03-18', 4),
(14, 5738291049, 'ITM014', '2025-03-14', '2025-03-17', 2),
(15, 6938472020, 'ITM015', '2025-03-15', '2025-03-18', 1),
(16, 9183746574, 'ITM016', '2025-03-16', '2025-03-20', 5),
(17, 5728193747, 'ITM017', '2025-03-17', '2025-03-20', 3),
(18, 4839201824, 'ITM018', '2025-03-18', '2025-03-22', 2);


INSERT INTO review (reviewed, reviewer, comment, score, date) VALUES
-- Отзыв на владельца вещи
(
    4723918271,
    5839201823,
    'Вещь была в хорошем состоянии, все вовремя.',
    5,
    '2025-03-01'
),
-- Отзыв на арендатора
(
    5839201823,
    6928374655,
    'Приятно было работать, все вернул вовремя.',
    4,
    '2025-03-02'
),
-- Отзыв на арендатора
(
    6928374655,
    4723918271,
    'Ответственный и честный арендатор, вещь вернулась в хорошем состоянии.',
    5,
    '2025-03-03'
),
-- Отзыв на арендатора
(
    5817263940,
    4729183746,
    'Немного опоздал с возвратом, но в целом все нормально.',
    3,
    '2025-03-04'
),
-- Отзыв на владельца вещи
(
    4729183746,
    3748291047,
    'Вещь вернулась в хорошем состоянии, все прошло отлично.',
    5,
    '2025-03-05'
),
-- Отзыв на арендатора
(
    3748291047,
    6938472018,
    'Ответственный арендатор, все вернул в срок и в хорошем состоянии.',
    5,
    '2025-03-06'
),
-- Отзыв на арендатора
(6938472018, 9283746573, 'Отличный арендатор, все в порядке!', 5, '2025-03-07'),
-- Отзыв на владельца вещи
(
    9283746573,
    4839201823,
    'Вещь была в хорошем состоянии, все прошло как надо.',
    4,
    '2025-03-08'
),
-- Отзыв на арендатора
(
    4839201823,
    5728193746,
    'Небольшие задержки с возвратом, но все было решено мирно.',
    3,
    '2025-03-09'
),
-- Отзыв на арендатора
(
    5728193746,
    6928374654,
    'Все вернул вовремя, вещь в хорошем состоянии.',
    5,
    '2025-03-10'
),
-- Отзыв на арендатора
(
    6928374654,
    4857201947,
    'Вещь немного повреждена, но сам процесс аренды был хорошим.',
    3,
    '2025-03-11'
),
-- Отзыв на владельца вещи
(
    4857201947,
    3748291048,
    'Ответственный пользователь, все прошло гладко.',
    5,
    '2025-03-12'
),
-- Отзыв на арендатора
(
    3748291048,
    5738291049,
    'Арендатор был аккуратен с вещью, все в порядке.',
    5,
    '2025-03-13'
),
-- Отзыв на арендатора
(
    5738291049,
    6938472020,
    'Немного задержал возврат, но в целом все решилось хорошо.',
    4,
    '2025-03-14'
),
-- Отзыв на арендатора
(
    6938472020,
    9183746574,
    'Ответственный арендатор, все прошло гладко.',
    5,
    '2025-03-15'
),
-- Отзыв на владельца вещи
(9183746574, 5728193747, 'Все прошло отлично, рекомендую!', 5, '2025-03-16'),
-- Отзыв на арендатора
(
    5728193747,
    4839201824,
    'Не так быстро вернул вещь, но в целом все нормально.',
    3,
    '2025-03-17'
),
-- Отзыв на владельца вещи
(
    4839201824,
    4723918271,
    'Все прошло по плану, вещи вернулись вовремя и в хорошем состоянии.',
    5,
    '2025-03-18'
),
-- Отзыв на владельца вещи
(
    4723918271,
    5839201823,
    'Ответственный и добросовестный пользователь.',
    5,
    '2025-03-19'
),
-- Отзыв на арендатора
(
    5839201823,
    6928374655,
    'Очень ответственный арендатор, все прошло отлично.',
    5,
    '2025-03-20'
);

INSERT INTO blacklist (blocked_user, blocked_by_user, date) VALUES
(4723918271, 5839201823, '2025-03-01'),
(5839201823, 6928374655, '2025-03-02'),
(6928374655, 4723918271, '2025-03-03'),
(5817263940, 4729183746, '2025-03-04'),
(4729183746, 3748291047, '2025-03-05'),
(3748291047, 6938472018, '2025-03-06'),
(6938472018, 9283746573, '2025-03-07'),
(9283746573, 4839201823, '2025-03-08'),
(4839201823, 5728193746, '2025-03-09'),
(5728193746, 6928374654, '2025-03-10'),
(6928374654, 4857201947, '2025-03-11'),
(4857201947, 3748291048, '2025-03-12'),
(3748291048, 5738291049, '2025-03-13'),
(5738291049, 6938472020, '2025-03-14'),
(6938472020, 9183746574, '2025-03-15'),
(9183746574, 5728193747, '2025-03-16'),
(5728193747, 4839201824, '2025-03-17'),
(4839201824, 4723918271, '2025-03-18');

INSERT INTO item_review (item_review_id, item, reviewer, comment, score, date) VALUES
(
    1,
    'ITM001',
    5839201823,
    'Отличный смартфон! Очень нравится его камера и производительность.',
    5,
    '2025-03-01'
),
(
    2,
    'ITM002',
    6928374655,
    'Очень удобный диван, идеально подошел в гостиную. Рекомендую!',
    4,
    '2025-03-02'
),
(
    3,
    'ITM003',
    4723918271,
    'Велосипед очень крутой, легко управляется и подходит для различных типов местности.',
    5,
    '2025-03-03'
),
(
    4,
    'ITM004',
    5839201823,
    'Замечательная книга, классика! Прочитав, хочется еще раз заново пережить события.',
    5,
    '2025-03-04'
),
(
    5,
    'ITM005',
    3748291047,
    'Очень удобное кресло, сидеть в нем – одно удовольствие. Отлично подойдет для офиса.',
    4,
    '2025-03-05'
),
(
    6,
    'ITM006',
    6938472018,
    'Коврик для авто качественный, хорошо сидит на полу машины и легко чистится.',
    4,
    '2025-03-06'
),
(
    7,
    'ITM007',
    9283746573,
    'Игрушка развивает внимание и моторику, ребенок доволен.',
    5,
    '2025-03-07'
),
(
    8,
    'ITM008',
    4839201823,
    'Очень хорошая гитара, звучание просто шикарное. Идеально для начинающих музыкантов.',
    5,
    '2025-03-08'
),
(
    9,
    'ITM009',
    5728193746,
    'Палатка легкая, хорошо устанавливается и отлично защищает от дождя.',
    4,
    '2025-03-09'
),
(
    10,
    'ITM010',
    6928374654,
    'Сковорода отлично готовит, пища не пригорает. Очень рекомендую для домашнего использования.',
    5,
    '2025-03-10'
),
(
    11,
    'ITM011',
    4857201947,
    'Шлем отличный, комфортный и защищает голову на 100%.',
    5,
    '2025-03-11'
),
(
    12,
    'ITM012',
    3748291048,
    'Палатка просторная, идеально подходит для семейных походов. Очень довольны.',
    5,
    '2025-03-12'
),
(
    13,
    'ITM013',
    5738291049,
    'Рюкзак хорош, удобно носить, хватает места для всех вещей.',
    4,
    '2025-03-13'
),
(
    14,
    'ITM014',
    6938472020,
    'Телевизор отличного качества, 4K разрешение, картинки очень четкие.',
    5,
    '2025-03-14'
),
(
    15,
    'ITM015',
    9183746574,
    'Часы стильные и удобные, идеально подходят для спорта. Отлично держат заряд.',
    5,
    '2025-03-15'
),
(
    16,
    'ITM016',
    5728193747,
    'Конструктор классный, ребенку очень понравился. Много вариантов сборки.',
    4,
    '2025-03-16'
),
(
    17,
    'ITM017',
    4839201824,
    'Шуруповерт мощный, хватает для всех нужд по дому. Рекомендую всем.',
    5,
    '2025-03-17'
),
(
    18,
    'ITM018',
    4723918271,
    'Смарт-браслет хороший, отслеживает активность и легко синхронизируется с телефоном.',
    4,
    '2025-03-18'
);

INSERT INTO item_attributes (item, attribute, value) VALUES
('ITM001', 4, 'Операционная система: Android 11'),
('ITM001', 5, 'Память: 128 ГБ'),
('ITM001', 6, 'Камера: 108 МП'),
('ITM002', 4, 'Тип дивана: Прямой'),
('ITM002', 5, 'Материал каркаса: Дерево'),
('ITM003', 4, 'Тип велосипеда: Горный'),
('ITM003', 5, 'Количество передач: 21'),
('ITM004', 4, 'Жанр книги: Роман'),
('ITM004', 5, 'Язык книги: Русский'),
('ITM005', 4, 'Тип кресла: Офисное'),
('ITM005', 5, 'Особенности: С регулировкой высоты'),
('ITM006', 4, 'Тип коврика: Универсальный'),
('ITM007', 4, 'Тип игрушки: Развивающая'),
('ITM007', 5, 'Возрастная группа: 3+'),
('ITM008', 4, 'Тип гитары: Акустическая'),
('ITM008', 5, 'Количество струн: 6'),
('ITM009', 4, 'Тип палатки: Туристическая'),
('ITM009', 5, 'Количество мест: 2'),
('ITM010', 4, 'Тип сковороды: С антипригарным покрытием'),
('ITM010', 5, 'Диаметр сковороды: 28 см'),
('ITM011', 4, 'Тип шлема: Велосипедный'),
('ITM011', 5, 'Количество вентиляционных отверстий: 12'),
('ITM012', 4, 'Тип палатки: Кемпинговая'),
('ITM012', 5, 'Количество входов: 2'),
('ITM013', 4, 'Тип рюкзака: Туристический'),
('ITM013', 5, 'Вместимость: 25 литров'),
('ITM014', 4, 'Тип телевизора: 4K UHD'),
('ITM014', 5, 'Частота обновления экрана: 120 Гц'),
('ITM015', 4, 'Тип часов: Умные'),
('ITM015', 5, 'Функции: Мониторинг активности'),
('ITM016', 4, 'Тип конструктора: Магнитный'),
('ITM016', 5, 'Возрастная группа: 3+'),
('ITM017', 4, 'Тип шуруповерта: Аккумуляторный'),
('ITM017', 5, 'Напряжение: 18 В'),
('ITM018', 4, 'Тип браслета: Фитнес-браслет'),
('ITM018', 5, 'Функции: Мониторинг сна');

INSERT INTO photo_links (photo_id, url) VALUES
(1, 'items/ITM001.jpg'),
(2, 'items/ITM002.png'),
(3, 'items/ITM003.png'),
(4, 'items/ITM004.png'),
(5, 'items/ITM005.png'),
(6, 'items/ITM006.png'),
(7, 'items/ITM007.png'),
(8, 'items/ITM008.png'),
(9, 'items/ITM009.png'),
(10, 'items/ITM010.png'),
(11, 'items/ITM011.png'),
(12, 'items/ITM012.png'),
(13, 'items/ITM013.png'),
(14, 'items/ITM014.png'),
(15, 'items/ITM015.png'),
(16, 'items/ITM016.png'),
(17, 'items/ITM017.png'),
(18, 'items/ITM018.png'),
(19, 'items/ITM001_2.jpeg');

INSERT INTO item_photo_links (item_id, photo_id) VALUES
('ITM001', 1),
('ITM001', 19),
('ITM002', 2),
('ITM003', 3),
('ITM004', 4),
('ITM005', 5),
('ITM006', 6),
('ITM007', 7),
('ITM008', 8),
('ITM009', 9),
('ITM010', 10),
('ITM011', 11),
('ITM012', 12),
('ITM013', 13),
('ITM014', 14),
('ITM015', 15),
('ITM016', 16),
('ITM017', 17),
('ITM018', 18);

INSERT INTO item_review_photo_links (item_review_id, photo_id) VALUES
(1, 1),
(2, 2),
(3, 3),
(4, 4),
(5, 5),
(6, 6),
(7, 7),
(8, 8),
(9, 9),
(10, 10),
(11, 11),
(12, 12),
(13, 13),
(14, 14),
(15, 15),
(16, 16),
(17, 17),
(18, 18);
